{
    "cumulative_return": -0.008099839359289596,
    "annualized_return": -0.10225291486342947,
    "volatility": 0.7218336605126547,
    "sharpe_ratio": -0.14165717180715603,
    "evaluation_date": "2025-04-29",
    "evaluation_period_days": 30
}